episode,ticks,initial_virality,final_virality,mean_virality,max_virality,total_reward,mean_reward,go,reiterate,static_b,warning,n_actions
0,100,0.21,0.95,0.8946999999999999,0.95,36.6846,0.366846,48.0,0.0,0.0,1.0,49.0
1,100,0.13,0.95,0.8567,0.95,30.9396,0.309396,48.0,0.0,0.0,1.0,49.0
2,100,0.12,0.0,0.0086,0.14,113.3198,1.133198,0.0,47.0,1.0,1.0,49.0
3,100,0.14,0.0,0.026699999999999998,0.33,108.3096,1.083096,48.0,0.0,0.0,1.0,49.0
4,100,0.11,0.0,0.0104,0.19,110.7061,1.107061,48.0,0.0,0.0,1.0,49.0
5,100,0.18,0.95,0.9111999999999999,0.95,39.5544,0.395544,0.0,48.0,0.0,1.0,49.0
6,100,0.13,0.95,0.8848999999999999,0.95,41.2793,0.41279299999999997,48.0,0.0,0.0,1.0,49.0
7,100,0.11,0.0,0.0329,0.33,113.8723,1.138723,47.0,1.0,0.0,1.0,49.0
8,100,0.15,0.0,0.025300000000000003,0.29,107.1464,1.071464,47.0,1.0,0.0,1.0,49.0
9,100,0.13,0.0,0.013999999999999999,0.21,105.2222,1.052222,48.0,0.0,0.0,1.0,49.0
10,100,0.12,0.0,0.0083,0.12,106.8535,1.068535,48.0,0.0,0.0,1.0,49.0
11,100,0.18,0.95,0.9181999999999999,0.97,48.2777,0.482777,0.0,48.0,0.0,1.0,49.0
12,100,0.19,0.95,0.9211999999999999,0.95,41.5817,0.415817,47.0,1.0,0.0,1.0,49.0
13,100,0.19,0.95,0.9198,0.95,45.4153,0.45415300000000003,0.0,48.0,0.0,1.0,49.0
14,100,0.12,0.0,0.0105,0.17,110.6066,1.106066,48.0,0.0,0.0,1.0,49.0
15,100,0.19,0.95,0.9203999999999999,0.95,40.1275,0.401275,0.0,48.0,0.0,1.0,49.0
16,100,0.2,0.95,0.9103,0.95,48.6617,0.486617,48.0,0.0,0.0,1.0,49.0
17,100,0.17,0.94,0.8911999999999999,0.94,45.0722,0.450722,0.0,48.0,0.0,1.0,49.0
18,100,0.21,0.95,0.9117999999999999,0.95,48.5797,0.48579700000000003,48.0,0.0,0.0,1.0,49.0
19,100,0.15,0.0,0.048100000000000004,0.4,109.8618,1.098618,0.0,48.0,0.0,1.0,49.0
20,100,0.1,0.0,0.0141,0.23,110.2809,1.102809,47.0,1.0,0.0,1.0,49.0
21,100,0.15,0.0,0.024,0.29,108.284,1.08284,48.0,0.0,0.0,1.0,49.0
22,100,0.17,0.95,0.9175,0.95,45.8844,0.458844,1.0,46.0,1.0,1.0,49.0
23,100,0.19,0.0,0.0429,0.37,107.8194,1.078194,48.0,0.0,0.0,1.0,49.0
24,100,0.19,0.94,0.893,0.94,40.1758,0.401758,48.0,0.0,0.0,1.0,49.0
25,100,0.19,0.0,0.0717,0.44,120.5906,1.205906,0.0,48.0,0.0,1.0,49.0
26,100,0.17,0.95,0.9270999999999999,0.95,51.796,0.51796,48.0,0.0,0.0,1.0,49.0
27,100,0.14,0.0,0.0149,0.19,121.4727,1.2147270000000001,48.0,0.0,0.0,1.0,49.0
28,100,0.14,0.0,0.035,0.33,119.3878,1.193878,47.0,1.0,0.0,1.0,49.0
29,100,0.17,0.95,0.9174,0.95,45.8418,0.458418,0.0,47.0,0.0,2.0,49.0
30,100,0.14,0.95,0.9153,0.95,49.6132,0.496132,48.0,0.0,0.0,1.0,49.0
31,100,0.16,0.0,0.13570000000000002,0.52,115.8562,1.158562,48.0,0.0,0.0,1.0,49.0
32,100,0.15,0.0,0.0158,0.21,117.9551,1.179551,47.0,1.0,0.0,1.0,49.0
33,100,0.17,0.95,0.8156,0.95,48.3369,0.483369,47.0,1.0,0.0,1.0,49.0
34,100,0.17,0.95,0.9097999999999999,0.95,58.4061,0.584061,48.0,0.0,0.0,1.0,49.0
35,100,0.16,0.95,0.897,0.95,53.5107,0.535107,47.0,1.0,0.0,1.0,49.0
36,100,0.13,0.0,0.0127,0.19,121.6718,1.216718,47.0,1.0,0.0,1.0,49.0
37,100,0.14,0.0,0.0316,0.34,124.9071,1.249071,47.0,1.0,0.0,1.0,49.0
38,100,0.13,0.0,0.0167,0.24,120.8267,1.208267,47.0,1.0,0.0,1.0,49.0
39,100,0.18,0.95,0.9118999999999999,0.95,54.9736,0.549736,48.0,0.0,0.0,1.0,49.0
40,100,0.15,0.0,0.039599999999999996,0.35,121.8017,1.218017,48.0,0.0,0.0,1.0,49.0
41,100,0.17,0.0,0.0357,0.34,120.7894,1.207894,48.0,0.0,0.0,1.0,49.0
42,100,0.12,0.0,0.013000000000000001,0.18,123.6698,1.2366979999999999,0.0,48.0,0.0,1.0,49.0
43,100,0.17,0.95,0.9177,0.95,62.0034,0.620034,48.0,0.0,0.0,1.0,49.0
44,100,0.11,0.0,0.014199999999999999,0.2,121.2397,1.212397,47.0,1.0,0.0,1.0,49.0
45,100,0.13,0.0,0.019100000000000002,0.22,122.8184,1.228184,0.0,48.0,0.0,1.0,49.0
46,100,0.15,0.0,0.029300000000000003,0.31,122.4329,1.224329,47.0,1.0,0.0,1.0,49.0
47,100,0.13,0.95,0.9122999999999999,0.95,60.9247,0.609247,48.0,0.0,0.0,1.0,49.0
48,100,0.15,0.5,0.5055000000000001,0.53,80.1043,0.801043,0.0,48.0,0.0,1.0,49.0
49,100,0.16,0.95,0.9072999999999999,0.98,65.5788,0.655788,48.0,0.0,0.0,1.0,49.0
50,100,0.22,0.95,0.9295,1.0,62.7418,0.627418,48.0,0.0,0.0,1.0,49.0
51,100,0.2,0.0,0.030699999999999998,0.31,124.0686,1.240686,47.0,1.0,0.0,1.0,49.0
52,100,0.14,0.0,0.07719999999999999,0.44,120.4316,1.204316,47.0,1.0,0.0,1.0,49.0
53,100,0.13,0.95,0.8942999999999999,0.95,53.724,0.5372399999999999,48.0,0.0,0.0,1.0,49.0
54,100,0.19,0.95,0.8903,0.95,57.8733,0.578733,47.0,1.0,0.0,1.0,49.0
55,100,0.15,0.0,0.023,0.3,126.0853,1.260853,48.0,0.0,0.0,1.0,49.0
56,100,0.16,0.0,0.0981,0.5,124.4792,1.2447920000000001,48.0,0.0,0.0,1.0,49.0
57,100,0.1,0.0,0.009500000000000001,0.12,123.1061,1.231061,44.0,4.0,0.0,1.0,49.0
58,100,0.13,0.0,0.0196,0.25,129.042,1.2904200000000001,48.0,0.0,0.0,1.0,49.0
59,100,0.16,0.95,0.9153,0.95,68.2366,0.6823659999999999,48.0,0.0,0.0,1.0,49.0
60,100,0.11,0.0,0.0346,0.33,130.9038,1.309038,48.0,0.0,0.0,1.0,49.0
61,100,0.18,0.95,0.8996,0.95,59.506,0.59506,47.0,1.0,0.0,1.0,49.0
62,100,0.17,0.0,0.032799999999999996,0.35,123.5459,1.235459,48.0,0.0,0.0,1.0,49.0
63,100,0.1,0.0,0.0129,0.17,127.132,1.27132,48.0,0.0,0.0,1.0,49.0
64,100,0.18,0.95,0.9258,0.95,70.9049,0.7090489999999999,47.0,1.0,0.0,1.0,49.0
65,100,0.16,0.95,0.8928999999999999,0.95,55.4042,0.554042,48.0,0.0,0.0,1.0,49.0
66,100,0.16,0.0,0.0552,0.44,122.3733,1.223733,47.0,1.0,0.0,1.0,49.0
67,100,0.21,0.95,0.9144,0.95,58.0231,0.5802309999999999,48.0,0.0,0.0,1.0,49.0
68,100,0.15,0.95,0.8600999999999999,0.95,60.7003,0.607003,47.0,1.0,0.0,1.0,49.0
69,100,0.15,0.0,0.0472,0.38,126.738,1.26738,48.0,0.0,0.0,1.0,49.0
70,100,0.11,0.0,0.016300000000000002,0.2,127.0887,1.270887,48.0,0.0,0.0,1.0,49.0
71,100,0.15,0.0,0.0335,0.34,127.6609,1.2766089999999999,48.0,0.0,0.0,1.0,49.0
72,100,0.17,0.0,0.0625,0.45,121.6679,1.216679,48.0,0.0,0.0,1.0,49.0
73,100,0.16,0.95,0.9189999999999999,0.95,70.6524,0.706524,47.0,1.0,0.0,1.0,49.0
74,100,0.14,0.95,0.8955,0.95,62.0898,0.620898,48.0,0.0,0.0,1.0,49.0
75,100,0.15,0.0,0.0332,0.32,127.688,1.27688,48.0,0.0,0.0,1.0,49.0
76,100,0.17,0.95,0.9209999999999999,0.95,67.6178,0.6761780000000001,48.0,0.0,0.0,1.0,49.0
77,100,0.16,0.0,0.0181,0.26,129.963,1.2996299999999998,48.0,0.0,0.0,1.0,49.0
78,100,0.17,0.95,0.9125999999999999,0.95,63.1015,0.631015,0.0,48.0,0.0,1.0,49.0
79,100,0.17,0.0,0.024699999999999996,0.29,128.8737,1.2887370000000002,45.0,3.0,0.0,1.0,49.0
80,100,0.13,0.0,0.0169,0.2,130.8822,1.3088220000000002,48.0,0.0,0.0,1.0,49.0
81,100,0.14,0.0,0.023799999999999998,0.28,129.3513,1.2935130000000001,47.0,1.0,0.0,1.0,49.0
82,100,0.19,0.95,0.8845000000000001,0.95,63.4001,0.634001,0.0,48.0,0.0,1.0,49.0
83,100,0.17,0.0,0.1787,0.54,116.7776,1.1677760000000001,48.0,0.0,0.0,1.0,49.0
84,100,0.17,0.95,0.8789999999999999,0.95,64.8812,0.648812,0.0,48.0,0.0,1.0,49.0
85,100,0.19,0.0,0.3798,0.56,93.0237,0.9302370000000001,44.0,4.0,0.0,1.0,49.0
86,100,0.19,0.95,0.9144,1.0,62.1475,0.621475,48.0,0.0,0.0,1.0,49.0
87,100,0.12,0.0,0.0132,0.22,126.5071,1.2650709999999998,48.0,0.0,0.0,1.0,49.0
88,100,0.12,0.95,0.9075,0.98,71.2521,0.712521,48.0,0.0,0.0,1.0,49.0
89,100,0.21,0.95,0.8361,0.95,68.3883,0.683883,0.0,48.0,0.0,1.0,49.0
90,100,0.22,0.95,0.9225999999999999,0.95,70.9995,0.7099949999999999,48.0,0.0,0.0,1.0,49.0
91,100,0.1,0.0,0.011800000000000001,0.17,129.5223,1.295223,0.0,48.0,0.0,1.0,49.0
92,100,0.14,0.0,0.0376,0.34,130.3647,1.303647,48.0,0.0,0.0,1.0,49.0
93,100,0.14,0.0,0.0236,0.29,128.418,1.28418,0.0,48.0,0.0,1.0,49.0
94,100,0.17,0.95,0.8672999999999998,0.95,67.0012,0.6700119999999999,0.0,47.0,1.0,1.0,49.0
95,100,0.16,0.95,0.9064,0.95,68.7123,0.687123,48.0,0.0,0.0,1.0,49.0
96,100,0.09,0.0,0.0085,0.14,131.5311,1.3153110000000001,48.0,0.0,0.0,1.0,49.0
97,100,0.17,0.0,0.0409,0.37,132.7565,1.3275649999999999,48.0,0.0,0.0,1.0,49.0
98,100,0.15,0.0,0.026500000000000003,0.28,130.9088,1.309088,0.0,48.0,0.0,1.0,49.0
99,100,0.14,0.93,0.8939,0.95,69.1019,0.691019,0.0,48.0,0.0,1.0,49.0
100,100,0.15,1.0,0.9642000000000001,1.0,89.3763,0.893763,0.0,0.0,0.0,0.0,0.0
101,100,0.17,1.0,0.9611,1.0,87.3724,0.873724,0.0,0.0,0.0,0.0,0.0
102,100,0.14,0.0,0.0172,0.25,122.2974,1.222974,0.0,0.0,0.0,0.0,0.0
103,100,0.2,1.0,0.9614,1.0,86.376,0.8637600000000001,0.0,0.0,0.0,0.0,0.0
104,100,0.19,1.0,0.9655,1.0,89.3604,0.893604,0.0,0.0,0.0,0.0,0.0
105,100,0.15,0.0,0.0507,0.43,120.6786,1.2067860000000001,0.0,0.0,0.0,0.0,0.0
106,100,0.19,1.0,0.9682999999999999,1.0,91.3095,0.913095,0.0,0.0,0.0,0.0,0.0
107,100,0.13,1.0,0.9503,1.0,87.0155,0.870155,0.0,0.0,0.0,0.0,0.0
108,100,0.18,1.0,0.9591,1.0,89.8503,0.898503,0.0,0.0,0.0,0.0,0.0
109,100,0.17,1.0,0.9449,1.0,83.4668,0.8346680000000001,0.0,0.0,0.0,0.0,0.0
110,100,0.18,1.0,0.9564,1.0,89.284,0.8928400000000001,0.0,0.0,0.0,0.0,0.0
111,100,0.16,0.0,0.0652,0.43,120.6912,1.206912,0.0,0.0,0.0,0.0,0.0
112,100,0.14,1.0,0.9641,1.0,90.9739,0.909739,0.0,0.0,0.0,0.0,0.0
113,100,0.13,0.0,0.09140000000000001,0.45,117.0322,1.170322,0.0,0.0,0.0,0.0,0.0
114,100,0.16,1.0,0.9620000000000001,1.0,90.3813,0.903813,0.0,0.0,0.0,0.0,0.0
115,100,0.11,0.0,0.021,0.24,122.2986,1.222986,0.0,0.0,0.0,0.0,0.0
116,100,0.26,1.0,0.9761,1.0,91.1198,0.911198,0.0,0.0,0.0,0.0,0.0
117,100,0.12,0.0,0.0158,0.26,122.7286,1.227286,0.0,0.0,0.0,0.0,0.0
118,100,0.16,1.0,0.9654,1.0,90.265,0.90265,0.0,0.0,0.0,0.0,0.0
119,100,0.11,0.0,0.025699999999999997,0.3,121.0372,1.210372,0.0,0.0,0.0,0.0,0.0
120,100,0.18,1.0,0.9687,1.0,92.8801,0.928801,0.0,0.0,0.0,0.0,0.0
121,100,0.19,1.0,0.9634,1.0,90.3213,0.9032129999999999,0.0,0.0,0.0,0.0,0.0
122,100,0.17,0.0,0.0478,0.39,120.1194,1.201194,0.0,0.0,0.0,0.0,0.0
123,100,0.15,1.0,0.9460999999999999,1.0,85.3659,0.853659,0.0,0.0,0.0,0.0,0.0
124,100,0.17,1.0,0.9673999999999999,1.0,92.253,0.92253,0.0,0.0,0.0,0.0,0.0
125,100,0.12,0.0,0.025699999999999997,0.26,121.5914,1.215914,0.0,0.0,0.0,0.0,0.0
126,100,0.17,1.0,0.9408,1.0,83.4097,0.834097,0.0,0.0,0.0,0.0,0.0
127,100,0.15,1.0,0.961,1.0,90.4312,0.904312,0.0,0.0,0.0,0.0,0.0
128,100,0.17,1.0,0.9420000000000001,1.0,84.0872,0.840872,0.0,0.0,0.0,0.0,0.0
129,100,0.09,0.0,0.0282,0.3,120.1881,1.201881,0.0,0.0,0.0,0.0,0.0
130,100,0.16,1.0,0.963,1.0,89.3197,0.893197,0.0,0.0,0.0,0.0,0.0
131,100,0.19,1.0,0.9617,1.0,88.422,0.88422,0.0,0.0,0.0,0.0,0.0
132,100,0.18,1.0,0.9636,1.0,89.8893,0.898893,0.0,0.0,0.0,0.0,0.0
133,100,0.14,1.0,0.9328,1.0,81.9301,0.819301,0.0,0.0,0.0,0.0,0.0
134,100,0.2,1.0,0.9712999999999999,1.0,91.3397,0.9133969999999999,0.0,0.0,0.0,0.0,0.0
135,100,0.12,1.0,0.9604,1.0,89.6604,0.896604,0.0,0.0,0.0,0.0,0.0
136,100,0.17,1.0,0.9645999999999999,1.0,89.7594,0.897594,0.0,0.0,0.0,0.0,0.0
137,100,0.16,1.0,0.9536,1.0,85.7849,0.857849,0.0,0.0,0.0,0.0,0.0
138,100,0.15,1.0,0.9597,1.0,88.8992,0.8889919999999999,0.0,0.0,0.0,0.0,0.0
139,100,0.18,1.0,0.9556999999999999,1.0,87.4496,0.874496,0.0,0.0,0.0,0.0,0.0
140,100,0.2,1.0,0.9712999999999999,1.0,91.1905,0.911905,0.0,0.0,0.0,0.0,0.0
141,100,0.18,1.0,0.9678,1.0,91.3023,0.913023,0.0,0.0,0.0,0.0,0.0
142,100,0.15,0.0,0.029300000000000003,0.31,122.3249,1.223249,0.0,0.0,0.0,0.0,0.0
143,100,0.15,1.0,0.9698,1.0,93.2926,0.9329259999999999,0.0,0.0,0.0,0.0,0.0
144,100,0.16,1.0,0.9595999999999999,1.0,87.7005,0.877005,0.0,0.0,0.0,0.0,0.0
145,100,0.09,0.0,0.0209,0.25,121.1548,1.2115479999999998,0.0,0.0,0.0,0.0,0.0
146,100,0.17,1.0,0.9632,1.0,88.8652,0.888652,0.0,0.0,0.0,0.0,0.0
147,100,0.16,1.0,0.9611,1.0,87.3278,0.873278,0.0,0.0,0.0,0.0,0.0
148,100,0.1,0.0,0.0219,0.25,121.9183,1.2191830000000001,0.0,0.0,0.0,0.0,0.0
149,100,0.18,1.0,0.9606,1.0,87.3776,0.873776,0.0,0.0,0.0,0.0,0.0
150,100,0.28,1.0,0.9788,1.0,92.1114,0.921114,0.0,0.0,0.0,0.0,0.0
151,100,0.14,1.0,0.9595999999999999,1.0,89.0412,0.890412,0.0,0.0,0.0,0.0,0.0
152,100,0.14,1.0,0.8963,1.0,76.9783,0.769783,0.0,0.0,0.0,0.0,0.0
153,100,0.19,1.0,0.9645999999999999,1.0,89.3113,0.893113,0.0,0.0,0.0,0.0,0.0
154,100,0.16,1.0,0.9615,1.0,89.8836,0.898836,0.0,0.0,0.0,0.0,0.0
155,100,0.16,1.0,0.9453,1.0,84.459,0.8445900000000001,0.0,0.0,0.0,0.0,0.0
156,100,0.15,1.0,0.9551000000000001,1.0,87.4392,0.874392,0.0,0.0,0.0,0.0,0.0
157,100,0.12,1.0,0.8795000000000001,1.0,75.4068,0.7540680000000001,0.0,0.0,0.0,0.0,0.0
158,100,0.15,1.0,0.9537,1.0,86.3963,0.8639629999999999,0.0,0.0,0.0,0.0,0.0
159,100,0.17,1.0,0.9571,1.0,87.281,0.8728100000000001,0.0,0.0,0.0,0.0,0.0
160,100,0.19,1.0,0.9727,1.0,91.2369,0.9123690000000001,0.0,0.0,0.0,0.0,0.0
161,100,0.15,1.0,0.9664,1.0,91.5537,0.915537,0.0,0.0,0.0,0.0,0.0
162,100,0.22,1.0,0.9732999999999999,1.0,91.231,0.91231,0.0,0.0,0.0,0.0,0.0
163,100,0.23,1.0,0.9719,1.0,91.3371,0.913371,0.0,0.0,0.0,0.0,0.0
164,100,0.16,1.0,0.9587,1.0,85.8103,0.858103,0.0,0.0,0.0,0.0,0.0
165,100,0.17,1.0,0.9504,1.0,85.508,0.85508,0.0,0.0,0.0,0.0,0.0
166,100,0.17,1.0,0.9426000000000001,1.0,83.9513,0.8395130000000001,0.0,0.0,0.0,0.0,0.0
167,100,0.17,1.0,0.9540000000000001,1.0,88.4372,0.884372,0.0,0.0,0.0,0.0,0.0
168,100,0.19,1.0,0.9543,1.0,86.9227,0.8692270000000001,0.0,0.0,0.0,0.0,0.0
169,100,0.2,1.0,0.9682,1.0,91.2516,0.912516,0.0,0.0,0.0,0.0,0.0
170,100,0.15,0.52,0.5041,0.53,88.4427,0.8844270000000001,0.0,0.0,0.0,0.0,0.0
171,100,0.15,1.0,0.9658,1.0,92.413,0.92413,0.0,0.0,0.0,0.0,0.0
172,100,0.16,1.0,0.9578,1.0,87.4916,0.874916,0.0,0.0,0.0,0.0,0.0
173,100,0.16,1.0,0.9505,1.0,87.8563,0.8785630000000001,0.0,0.0,0.0,0.0,0.0
174,100,0.19,1.0,0.9667,1.0,89.2071,0.892071,0.0,0.0,0.0,0.0,0.0
175,100,0.19,1.0,0.9542,1.0,88.455,0.88455,0.0,0.0,0.0,0.0,0.0
176,100,0.18,1.0,0.9609000000000001,1.0,88.3321,0.883321,0.0,0.0,0.0,0.0,0.0
177,100,0.17,1.0,0.9625,1.0,89.3687,0.893687,0.0,0.0,0.0,0.0,0.0
178,100,0.13,0.0,0.0747,0.44,116.6808,1.166808,0.0,0.0,0.0,0.0,0.0
179,100,0.17,1.0,0.8715999999999999,1.0,74.3761,0.7437609999999999,0.0,0.0,0.0,0.0,0.0
180,100,0.17,1.0,0.9673999999999999,1.0,91.4065,0.9140649999999999,0.0,0.0,0.0,0.0,0.0
181,100,0.17,1.0,0.9470999999999999,1.0,87.0282,0.870282,0.0,0.0,0.0,0.0,0.0
182,100,0.1,0.0,0.0453,0.38,119.2183,1.192183,0.0,0.0,0.0,0.0,0.0
183,100,0.17,1.0,0.9621999999999999,1.0,88.4308,0.8843080000000001,0.0,0.0,0.0,0.0,0.0
184,100,0.17,0.0,0.0726,0.45,119.4282,1.194282,0.0,0.0,0.0,0.0,0.0
185,100,0.18,1.0,0.8885,1.0,78.3475,0.7834749999999999,0.0,0.0,0.0,0.0,0.0
186,100,0.18,1.0,0.9638,1.0,88.3227,0.883227,0.0,0.0,0.0,0.0,0.0
187,100,0.2,1.0,0.9690000000000001,1.0,89.3975,0.893975,0.0,0.0,0.0,0.0,0.0
188,100,0.2,1.0,0.971,1.0,91.1932,0.9119320000000001,0.0,0.0,0.0,0.0,0.0
189,100,0.12,0.0,0.0371,0.34,121.4868,1.214868,0.0,0.0,0.0,0.0,0.0
190,100,0.13,1.0,0.9505,1.0,86.4536,0.864536,0.0,0.0,0.0,0.0,0.0
191,100,0.15,0.0,0.0383,0.36,121.293,1.21293,0.0,0.0,0.0,0.0,0.0
192,100,0.18,1.0,0.9678,1.0,92.2529,0.9225289999999999,0.0,0.0,0.0,0.0,0.0
193,100,0.14,0.0,0.0235,0.28,122.0446,1.220446,0.0,0.0,0.0,0.0,0.0
194,100,0.12,0.0,0.045200000000000004,0.39,120.3061,1.203061,0.0,0.0,0.0,0.0,0.0
195,100,0.16,1.0,0.9470999999999999,1.0,84.4537,0.844537,0.0,0.0,0.0,0.0,0.0
196,100,0.18,1.0,0.965,1.0,89.361,0.89361,0.0,0.0,0.0,0.0,0.0
197,100,0.14,1.0,0.9584,1.0,87.3337,0.8733369999999999,0.0,0.0,0.0,0.0,0.0
198,100,0.12,0.0,0.054400000000000004,0.38,118.7491,1.187491,0.0,0.0,0.0,0.0,0.0
199,100,0.13,0.0,0.0189,0.26,122.4497,1.2244970000000002,0.0,0.0,0.0,0.0,0.0
